INDEX,Communauté,Conférence,Role1,Role2,Type,Nom_compte,Twitter_handle,Abonnements,Abonnés,Tweets_totale_période,Date_début,Date_fin,Retweets,Likes,Mentions,#CHAOSSCon,#FOSDEM,#FOSDEM2020,Autre#
1,Open source,CHAOSS,organisateur,,institution,CHAOSS Project,CHAOSSproj,6,440,290,03/10/19,21/02/20,,,,#CHAOSSCon,na,na,
2,Open source,CHAOSS,speaker,,individu,Georg Link,GeorgLink,869,392,,,,,,,,,,
3,Open source,CHAOSS,speaker,,individu,Isabella Vieira Ferreira,isaferreira_57,312,81,,,,,,,,,,
4,Open source,CHAOSS,speaker,,individu,Johan Linåker,johanlinaker,342,303,,,,,,,,,,
5,Open source,CHAOSS,speaker,,individu,Jose Manrique Lopez de la Fuente,jsmanrique,1242,2243,,,,,,,,,,
6,Open source,CHAOSS,speaker,,individu,Justin W. Flory,jflory7,66,965,,,,,,,,,,
7,Open source,CHAOSS,speaker,,individu,Kevin Lumbard,Paper_Monkeys,230,99,,,,,,,,,,
8,Open source,CHAOSS,speaker,,individu,Matt Broberg,mbbroberg,1558,5591,78,29/01/20,02/02/20,,,@opensourceway,#CHAOSSCon,#FOSDEM,na,
9,Open source,CHAOSS,speaker,,individu,Matt Germonprez,germ,34,43,,,,,,,,,,
10,Open source,CHAOSS,speaker,,individu,Ray Paik,rspaik,41,172,,,,,,,,,,
11,Open source,CHAOSS,speaker,,individu,Remy DeCausemaker,Remy_D,3823,1801,,,,,,,,,,
12,Open source,CHAOSS,speaker,,individu,Sean Goggins,sociallycompute,1841,657,,,,,,,,,,
13,Open source,CHAOSS,speaker,,individu,Tom Mens,tom_mens,66,524,,,,,,,,,,
14,Open source,CHAOSS,speaker,,individu,Yo Yehudi,yoyehudi,2412,1608,499,31/01/20,02/02/20,,,,#CHAOSSCon,#FOSDEM,#FOSDEM2020,#community
15,Open source,CHAOSS,speaker,,individu,Ahmed Zerouali,a_zerou,229,82,,,,,,,,,,
16,Open source,CHAOSS,speaker,,individu,Alberto Pérez García-Plaza,alpgarcia,215,131,,,,,,,,,,
17,Open source,CHAOSS,speaker,,individu,Brian Proffitt,TheTechScribe,612,3675,34,27/01/20,31/01/20,,,,#CHAOSSCon,#FOSDEM,na,#OpenSource
18,Open source,CHAOSS,speaker,,individu,Camille Moulin,Camille_OS,147,184,,,,,,,,,,
19,Open source,CHAOSS,speaker,,individu,Cecilia Chapiro,ceciliachapiro,97,148,,,,,,,,,,
20,Open source,CHAOSS,speaker,,individu,Celya Gruson-Daniel,celyagd,3136,3458,,,,,,,,,,
21,Open source,CHAOSS,speaker,,individu,Daniel Izquierdo,dizquierdo,634,613,,,,,,,,,,
22,Open source,CHAOSS,speaker,,individu,Duane O'Brien,DuaneOBrien,1116,1719,,,,,,,,,,
23,Open source,CHAOSS,live tweeter,,individu,Jacob Green,jacoblyopen,237,131,,,,,,,,,,
24,Open source,CHAOSS,live tweeter,,individu,Kate Stewart,_kate_stewart,789,653,,,,,,,,,,
25,Open source,CHAOSS,live tweeter,,individu,Jacob Redding,jredding,489,2059,,,,,,,,,,
26,Open source,CHAOSS,live tweeter,,individu,Philip Durbin,philipdurbin,456,867,,,,,,,,,,
27,Open source,CHAOSS,live tweeter,,individu,harishpillay,harishpillay,4663,2817,,,,,,,,,,
28,Open source,CHAOSS,organisateur,,institution,Bitergia,Bitergia,675,1367,,,,,,,,,,
29,Open source,CHAOSS,live tweeter,,individu,Kristof Goossens,kgoossens,1024,465,,,,,,,,,,
30,Open source,CHAOSS,live tweeter,,individu,Stephen Walli,stephenrwalli,5000,3018,18,31/01/20,02/02/20,,,,#CHAOSSCon,#FOSDEM,na,
31,Open source,CHAOSS,amplificateur,,individu,Michael Downey,downey,680,3082,4,31/01/20,02/02/20,,,@heatharensen,#CHAOSSCon,#FOSDEM,na,
32,Open source,CHAOSS,amplificateur,,individu,Donna Benjamin,kattekrab,1095,3199,2,31/01/20,01/02/20,,,,#CHAOSSCon,na,na,
33,Open source,CHAOSS,amplificateur,,individu,Jesus M Gonzalez-Barahona,jgbarah,483,3131,36,31/01/20,02/02/20,,,,#CHAOSSCon,#FOSDEM,na,
34,Open source,CHAOSS,live tweeter,,individu,Josh Dzielak,dzello,525,4613,14,28/01/20,31/01/20,,,,#CHAOSSCon,#FOSDEM,na,
35,Open source,CHAOSS,live tweeter,,institution,Red Hat Community,redhatopen,1335,"23,4k",18,31/01/20,01/02/20,,,,#CHAOSSCon,#FOSDEM,#FOSDEM2020,
36,Open source,CHAOSS,live tweeter,,individu,Farbod Saraf,farbodsaraf,"19,4k","34,6k",1,31/01/20,31/01/20,,,,#CHAOSSCon,na,na,
37,Open source,CHAOSS,live tweeter,,individu,Ana Jimenez Santamaria,anajsana95,312,289,,,,,,,,,,
38,Open source,CHAOSS,live tweeter,,individu,Michelle Mannering,MishManners,1885,4346,48,31/01/20,01/02/20,,,,#CHAOSSCon,na,na,
39,Open source,CHAOSS,live tweeter,,individu,Czarknado,pczarkowski,1703,3423,7,31/01/20,01/02/20,,,,#CHAOSSCon,na,na,
40,Open source,CHAOSS,live tweeter,,individu,Elena FdR,ejfdr,641,560,,,,,,,,,,
41,Open source,CHAOSS,live tweeter,,individu,Emmy Tsang,emmy_ft,1017,727,151,30/01/20,02/02/20,,,,#CHAOSSCon,na,#FOSDEM2020,#openscience
42,Open source,CHAOSS,live tweeter,,individu,Mateusz Kuzak,matkuzak,994,978,,,,,,,,,,
43,Open source,CHAOSS,live tweeter,,individu,JJ Merchante,JJ_Merchante,68,33,,,,,,,,,,
44,Open source,CHAOSS,live tweeter,,individu,Asier Marqués,asiermarques,994,4358,,,,,,,,,,
45,Open source,CHAOSS,live tweeter,,individu,Ashley Nicolson,MiniRidley,390,224,,,,,,,,,,
46,Open source,CHAOSS,live tweeter,,individu,Luis Cañas-Díaz,sanacl,407,326,,,,,,,,,,
47,Open source,CHAOSS,live tweeter,,individu,Mehdi Golzadeh,mehdi_golzadeh,132,68,,,,,,,,,,
48,Open source,CHAOSS,live tweeter,,individu,Kara de la Marck,KaraMarck,1170,1216,,,,,,,,,,
49,Open source,CHAOSS,live tweeter,,individu,Roberto Fernández Pérez,rfperez_78,202,58,,,,,,,,,,
50,Open source,CHAOSS,live tweeter,,individu,Miguel Ángel,Mghfdez,685,417,,,,,,,,,,
51,Open source,CHAOSS,live tweeter,,individu,Ruth Cheesley,RCheesley,4190,3466,17,29/01/20,01/02/20,,,@MauticCommunity,#CHAOSSCon,#FOSDEM,#FOSDEM2020,#OpenSource
52,Open source,CHAOSS,live tweeter,,individu,Peter Giese,_pgiese,205,103,,,,,,,,,,
53,Open source,CHAOSS,live tweeter,,institution,OSOR community,OSOReu,146,1047,,,,,,,,,,
54,Open source,CHAOSS,live tweeter,,institution,SECOHealth,secohealth,9,47,,,,,,,,,,
55,Open source,CHAOSS,live tweeter,,institution,Cauldron,cauldronio,28,79,,,,,,,,,,
56,Open source,CHAOSS,live tweeter,,institution,Inno³,Inno_3,404,917,,,,,,,,,,
57,Open source,CHAOSS,live tweeter,,individu,Netanel Mohoni,NetanelMohoni,811,124,,,,,,,,,,
58,Open source,CHAOSS,live tweeter,,individu,Emma Irwin,sunnydeveloper,1057,2195,,,,,,,,,,
59,Open science,FOSDEM,organisateur,,institution,Open Research DevRoom,FosdemResearch,1,130,211,16/12/19,10/02/20,,,,na,#FOSDEM,#FOSDEM2020,
60,Open science,FOSDEM,speaker,,individu,Olivier Aubert,Olivier_Aubert,1216,374,,,,,,,,,,
61,Open science,FOSDEM,speaker,,individu,Robin De Mourat,robindemourat,1796,668,,,,,,,,,,
62,Open science,FOSDEM,speaker,,individu,Antoine Fauchié,antoinentl,1319,2121,,,,,,,,,,
63,Open science,FOSDEM,speaker,,individu,Michael Hanke,eknahm,247,791,,,,,,,,,,
64,Open science,FOSDEM,speaker,,individu,Mateusz Kuzak,matkuzak,994,978,,,,,,,,,,
65,Open science,FOSDEM,speaker,,individu,Anne L'Hôte,annelhote,986,238,,,,,,,,,,
66,Open science,FOSDEM,speaker,,individu,Offray Vladimir Luna Cárdenas,offrayLC,1420,1334,,,,,,,,,,
67,Open science,FOSDEM,speaker,,individu,Bram Luyten,LuytenBram,825,481,,,,,,,,,,
68,Open science,FOSDEM,speaker,,individu,Guillaume Plique,Yomguithereal,761,529,,,,,,,,,,
69,Open science,FOSDEM,speaker,,individu,Aniket Pradhan,MeWjOr_,135,13,,,,,,,,,,
70,Open science,FOSDEM,speaker,,individu,Karthik Ram,_inundata,339,"10,4k",3,29/01/20,02/02/20,,,,na,na,na,
71,Open science,FOSDEM,speaker,,individu,Sébastien Rochette,StatnMap,85,1152,,,,,,,,,,
72,Open science,FOSDEM,speaker,,individu,Nicolas Roelandt,RoelandtN42,496,771,,,,,,,,,,
73,Open science,FOSDEM,speaker,,individu,Markus Suhr,markussuhr,6,10,,,,,,,,,,
74,Open science,FOSDEM,speaker,,individu,Bruno Thomas,bam_thomas,229,251,,,,,,,,,,
75,Open science,FOSDEM,speaker,,individu,Emmy Tsang,emmy_ft,1017,727,151,30/01/20,02/02/20,,,,#CHAOSSCon,na,#FOSDEM2020,#openscience
76,Open science,FOSDEM,speaker,,individu,Lilly Winfree,lilscientista,714,579,,,,,,,,,,
77,Open science,FOSDEM,live tweeter,,individu,Philip Durbin,philipdurbin,456,867,,,,,,,,,,
78,Open science,FOSDEM,live tweeter,,individu,yo yehudi is on #ucustrike,yoyehudi,2412,1608,499,31/01/20,02/02/20,,,,#CHAOSSCon,#FOSDEM,#FOSDEM2020,#community
79,Open science,FOSDEM,live tweeter,,individu,ThinkR,thinkR_fr,971,4242,,,,,,,,,,
80,Open science,FOSDEM,live tweeter,,individu,Victor Daussy-Renaudin,trajectographe,373,113,,,,,,,,,,
81,Open science,FOSDEM,live tweeter,,individu,Paul Girard,paulanomalie,223,560,,,,,,,,,,
82,Open science,FOSDEM,live tweeter,,individu,Celya Gruson-Daniel,Celyagd,3136,3458,10,31/01/20,01/02/20,,,,na,#FOSDEM,#FOSDEM2020,
83,Open science,FOSDEM,live tweeter,,individu,Violeta,Violetilla,400,217,,,,,,,,,,
84,Open science,FOSDEM,live tweeter,,institution,eLife Innovation,eLifeInnovation,1585,2838,,,,,,,,,,
85,Open science,FOSDEM,live tweeter,,individu,Dario Taraborelli,ReaderMeter,3238,5923,1,31/01/20,31/01/20,,,,#CHAOSSCon,na,na,
